{
    "rmse": 54.50268648842514,
    "precision": 0.7857142857142857,
    "recall": 0.4583333333333333,
    "threshold": 200
}